busID,busLat,busLong
1,-87.1581,37.36144
2,-87.1581,37.36144
3,-87.1581,37.36144
